{
  "sensor": [
    -14.373626373626374,
    43.38461538461539,
    65.36263736263736,
    162.41758241758242,
    -2.9450549450549453
  ],
  "Rbin": [
    88.48351648351648,
    35.120879120879124,
    39.956043956043956,
    162.32967032967034,
    -3.120879120879121
  ],
  "Lbin": [
    -82.94505494505495,
    43.472527472527474,
    36.79120879120879,
    162.5054945054945,
    -3.208791208791209
  ],
  "closeLow": [
    44.0,
    75.73626373626374,
    38.02197802197802,
    125.31868131868131,
    -4.175824175824176
  ],
  "farLow": [
    15.252747252747254,
    148.17582417582418,
    -67.2967032967033,
    117.4065934065934,
    -4.263736263736264
  ],
  "farHigh": [
    -45.23076923076923,
    147.82417582417582,
    -67.2967032967033,
    117.31868131868131,
    -4.263736263736264
  ],
  "closeHigh": [
    -43.73626373626374,
    35.20879120879121,
    82.68131868131869,
    121.8021978021978,
    -4.263736263736264
  ],
  "closeSense": [
    -5.846153846153846,
    66.94505494505495,
    54.37362637362637,
    167.86813186813185,
    -3.032967032967033
  ]
}