{
  "sensor": [
    -5.406593406593407,
    33.89010989010989,
    66.94505494505495,
    167.69230769230768,
    170.94505494505495
  ],
  "Lbin": [
    -101.93406593406593,
    21.142857142857142,
    71.51648351648352,
    143.86813186813185,
    171.12087912087912
  ],
  "Rbin": [
    80.21978021978022,
    22.98901098901099,
    78.46153846153847,
    139.56043956043956,
    171.03296703296704
  ]
}